"No.","Time","Source","Destination","Protocol","Length","Info"
"1","0.000000000","216.58.196.4","10.10.15.72","TCP","60","http > 43246 [ACK] Seq=1 Ack=1 Win=31 Len=0"
"2","0.000919000","216.58.196.4","10.10.15.72","HTTP","1582","HTTP/1.0 302 Moved Temporarily  (text/html)"
"3","0.000937000","216.58.196.4","10.10.15.72","TCP","60","http > 43246 [FIN, ACK] Seq=1529 Ack=1 Win=31 Len=0"
"4","0.026807000","HonHaiPr_01:86:2e","Broadcast","ARP","60","Who has 10.0.3.97?  Tell 10.10.15.219"
"5","0.125631000","fe80::9ade:d0ff:fe22:f841","ff02::1:2","DHCPv6","128","Solicit XID: 0x10068b CID: 00010001233d543198ded022f841 "
"6","0.374147000","10.10.14.36","255.255.255.255","DHCP","342","DHCP Inform   - Transaction ID 0x6b88c290"
"7","0.401181000","Dell_89:a2:18","Broadcast","ARP","60","Who has 10.10.12.92?  Tell 10.10.10.116"
"8","0.458797000","10.10.10.70","224.0.0.251","MDNS","78","Standard query 0x0000  PTR _privet._tcp.local, ""QM"" question"
"9","0.458846000","fe80::92b1:1cff:fe72:818a","ff02::fb","MDNS","98","Standard query 0x0000  PTR _privet._tcp.local, ""QM"" question"
"10","0.685768000","10.10.11.221","224.0.0.251","MDNS","98","Standard query response 0x0000  PTR PICT-NI12._ni-logos._tcp.local"
"11","0.701611000","10.10.15.239","10.10.12.139","TCP","66","http > 46780 [ACK] Seq=1 Ack=1 Win=299 Len=0 TSval=647324 TSecr=634521"
"12","0.701626000","10.10.15.239","10.10.12.139","TCP","74","http > 46784 [SYN, ACK] Seq=0 Ack=1 Win=28960 Len=0 MSS=1460 SACK_PERM=1 TSval=647324 TSecr=634521 WS=128"
"13","0.701725000","10.10.15.239","10.10.12.139","TCP","66","http > 46782 [FIN, ACK] Seq=1 Ack=1 Win=227 Len=0 TSval=647324 TSecr=634521"
"14","0.702739000","10.10.15.239","10.10.12.139","TCP","74","http > 46786 [SYN, ACK] Seq=0 Ack=1 Win=28960 Len=0 MSS=1460 SACK_PERM=1 TSval=647325 TSecr=634521 WS=128"
"15","0.779220000","00:ec:0a:33:59:3f","Broadcast","XID","60","Basic Format; Type 1 LLC (Class I LLC); Window Size 0"
"16","0.839604000","cc:98:91:37:97:53","Broadcast","0x8899","60","Ethernet II"
"17","0.899978000","10.10.15.206","10.10.15.255","BROWSER","240","Browser Election Request"
"18","0.912110000","::","ff02::1:ff33:593f","ICMPv6","78","Neighbor Solicitation for fe80::2ec:aff:fe33:593f"
"19","0.929581000","::","ff02::16","ICMPv6","90","Multicast Listener Report Message v2"
"20","0.960895000","0.0.0.0","255.255.255.255","DHCP","348","DHCP Discover - Transaction ID 0xbb00377b"
"21","0.961422000","98:de:d0:30:d3:cc","Broadcast","ARP","60","Who has 10.10.19.102?  Tell 10.10.19.200"
"22","0.961442000","18:a6:f7:fe:55:36","Broadcast","ARP","60","Who has 192.168.0.131?  Tell 192.168.0.1"
"23","0.961871000","40:31:3c:12:8c:66","Broadcast","ARP","60","Who has 192.168.31.130?  Tell 192.168.31.1"
"24","0.962813000","Netgear_dc:ac:64","Broadcast","ARP","60","Who has 192.168.1.8?  Tell 192.168.1.1"
"25","0.963106000","84:16:f9:61:91:3c","Broadcast","ARP","60","Gratuitous ARP for 192.168.1.1 (Request) (duplicate use of 192.168.1.1 detected!)"
"26","0.963527000","84:16:f9:61:91:3c","Broadcast","ARP","60","Gratuitous ARP for 192.168.1.1 (Request) (duplicate use of 192.168.1.1 detected!)"
"27","0.963862000","84:16:f9:61:91:3c","Broadcast","ARP","60","Gratuitous ARP for 192.168.1.1 (Request) (duplicate use of 192.168.1.1 detected!)"
"28","0.964194000","84:16:f9:61:91:3c","Broadcast","ARP","60","Gratuitous ARP for 192.168.1.1 (Request) (duplicate use of 192.168.1.1 detected!)"
"29","0.964479000","84:16:f9:61:91:3c","Broadcast","ARP","60","Gratuitous ARP for 192.168.1.1 (Request) (duplicate use of 192.168.1.1 detected!)"
"30","0.964496000","84:16:f9:61:91:3c","Broadcast","ARP","60","Gratuitous ARP for 192.168.1.1 (Request) (duplicate use of 192.168.1.1 detected!)"
"31","0.964725000","84:16:f9:61:91:3c","Broadcast","ARP","60","Gratuitous ARP for 192.168.1.1 (Request) (duplicate use of 192.168.1.1 detected!)"
"32","0.964846000","84:16:f9:61:91:3c","Broadcast","ARP","60","Gratuitous ARP for 192.168.1.1 (Request) (duplicate use of 192.168.1.1 detected!)"
"33","0.964863000","84:16:f9:61:91:3c","Broadcast","ARP","60","Gratuitous ARP for 192.168.1.1 (Request) (duplicate use of 192.168.1.1 detected!)"
"34","0.965300000","84:16:f9:61:91:3c","Broadcast","ARP","60","Gratuitous ARP for 192.168.1.1 (Request) (duplicate use of 192.168.1.1 detected!)"
"35","0.965658000","dc:ef:09:6d:4e:20","Broadcast","ARP","60","Who has 192.168.1.162?  Tell 192.168.1.1 (duplicate use of 192.168.1.1 detected!)"
"36","0.977575000","Dell_06:31:b1","Broadcast","ARP","60","Who has 10.10.10.63?  Tell 10.10.12.31"
"37","0.995725000","10.10.13.42","10.10.15.255","NBNS","110","Registration NB WORKGROUP<1d>"
"38","0.995843000","Micro-St_93:c9:5d","Broadcast","ARP","60","Who has 10.10.13.42?  Tell 10.10.12.148"
"39","0.996073000","Dell_f4:11:f9","Broadcast","ARP","60","Who has 10.10.13.42?  Tell 10.10.12.73"
"40","0.998197000","10.10.13.42","10.10.15.255","NBNS","92","Name query NB WORKGROUP<1d>"
"41","0.999177000","Dell_27:7e:0c","Broadcast","ARP","60","Who has 10.10.12.73?  Tell 10.10.13.42"
"42","0.999186000","Dell_27:7e:0c","Broadcast","ARP","60","Who has 10.10.12.148?  Tell 10.10.13.42"
"43","1.032361000","fe80::a047:31d8:5c16:2c05","ff02::c","SSDP","505","NOTIFY * HTTP/1.1 "
"44","1.032799000","fe80::a047:31d8:5c16:2c05","ff02::c","SSDP","569","NOTIFY * HTTP/1.1 "
"45","1.033249000","fe80::a047:31d8:5c16:2c05","ff02::c","SSDP","557","NOTIFY * HTTP/1.1 "
"46","1.033785000","fe80::a047:31d8:5c16:2c05","ff02::c","SSDP","571","NOTIFY * HTTP/1.1 "
"47","1.034146000","fe80::a047:31d8:5c16:2c05","ff02::c","SSDP","585","NOTIFY * HTTP/1.1 "
"48","1.034719000","fe80::a047:31d8:5c16:2c05","ff02::c","SSDP","514","NOTIFY * HTTP/1.1 "
"49","1.121142000","10.10.11.232","224.0.0.252","LLMNR","75","Standard query 0xa0b1  AAAA WIN-JJVQTFUFFR8"
"50","1.138504000","::","ff02::16","ICMPv6","90","Multicast Listener Report Message v2"
"51","1.176695000","fe80::21e1:a200:ff2e:5b58","ff02::1:ff16:2c05","ICMPv6","86","Neighbor Solicitation for fe80::a047:31d8:5c16:2c05 from 00:1a:a0:c0:ef:b1"
"52","1.177096000","fe80::a047:31d8:5c16:2c05","ff02::1:ff2e:5b58","ICMPv6","86","Neighbor Solicitation for fe80::21e1:a200:ff2e:5b58 from f4:8e:38:87:42:d0"
"53","1.228940000","10.10.11.232","224.0.0.252","LLMNR","75","Standard query 0xa0b1  AAAA WIN-JJVQTFUFFR8"
"54","1.298881000","Dell_06:31:9d","Broadcast","ARP","60","Who has 10.10.10.190?  Tell 10.10.12.42"
"55","1.337208000","Dell_fd:e1:8c","NETBIOS-","NetBIOS","61","Name Query for DSP11<20>"
"56","1.337492000","10.10.11.107","10.10.15.255","NBNS","92","Name query NB DSP11<20>"
"57","1.350789000","10.10.10.1","10.10.15.157","DHCP","348","DHCP ACK      - Transaction ID 0x2668"
"58","1.350921000","Dell_fd:b1:45","Broadcast","ARP","60","Who has 10.10.10.1?  Tell 10.10.11.105"
"59","1.350931000","Dell_fd:b1:45","Broadcast","ARP","60","Who has 10.10.10.1?  Tell 10.10.11.105"
"60","1.351056000","Dell_f3:7d:49","Broadcast","ARP","60","Who has 10.10.10.1?  Tell 169.254.149.168"
"61","1.351067000","Dell_f3:7d:49","Broadcast","ARP","60","Who has 10.10.10.1?  Tell 169.254.149.168"
"62","1.399532000","Dell_89:a2:18","Broadcast","ARP","60","Who has 10.10.12.92?  Tell 10.10.10.116"
"63","1.462636000","Cisco_7f:6f:0a","Spanning-tree-(for-bridges)_00","STP","60","Conf. TC + Root = 0/0/00:07:4f:12:34:c0  Cost = 38  Port = 0x800a"
"64","1.482369000","155.94.164.101","10.10.10.101","TCP","66","https > 41418 [ACK] Seq=1 Ack=1 Win=235 Len=0 TSval=597445120 TSecr=1969030"
"65","1.527847000","Dell_06:31:b1","Broadcast","ARP","60","Who has 10.10.10.63?  Tell 10.10.12.31"
"66","1.640659000","172.217.166.163","10.10.12.0","TCP","60","https > 53052 [RST] Seq=1 Win=8192 Len=0"
"67","1.825077000","10.10.13.206","224.0.0.251","MDNS","103","Standard query 0x000b  PTR _233637DE._sub._googlecast._tcp.local, ""QM"" question PTR _googlecast._tcp.local, ""QM"" question"
"68","1.836909000","Dell_fd:e1:8c","NETBIOS-","NetBIOS","61","Name Query for DSP11<20>"
"69","1.839586000","cc:98:91:37:97:53","Broadcast","0x8899","60","Ethernet II"
"70","1.841897000","10.10.15.239","10.10.12.139","HTTP","1058","HTTP/1.1 303 See Other  (text/html)"
"71","1.899946000","10.10.15.206","10.10.15.255","BROWSER","240","Browser Election Request"
"72","1.910885000","fe80::2ec:aff:fe33:593f","ff02::16","ICMPv6","90","Multicast Listener Report Message v2"
"73","1.912958000","fe80::2ec:aff:fe33:593f","ff02::2","ICMPv6","70","Router Solicitation from 00:ec:0a:33:59:3f"
"74","1.949376000","fe80::1262:ebff:fe20:1861","ff02::1","ICMPv6","78","Router Advertisement from 10:62:eb:20:18:61"
"75","1.949737000","Private_10:03:a9","Broadcast","ARP","60","Who has 10.10.10.0?  Tell 10.10.10.201"
"76","1.953098000","40:31:3c:12:8c:66","Broadcast","ARP","60","Who has 192.168.31.130?  Tell 192.168.31.1"
"77","1.981545000","0.0.0.0","255.255.255.255","DHCP","360","DHCP Request  - Transaction ID 0xbb00377b"
"78","1.982606000","10.10.19.200","255.255.255.255","DHCP","590","DHCP NAK      - Transaction ID 0xbb00377b"
"79","1.983443000","192.168.1.1","255.255.255.255","DHCP","548","DHCP NAK      - Transaction ID 0xbb00377b [ETHERNET FRAME CHECK SEQUENCE INCORRECT]"
"80","1.984245000","192.168.0.1","255.255.255.255","DHCP","360","DHCP NAK      - Transaction ID 0xbb00377b"
"81","1.984283000","192.168.0.1","255.255.255.255","DHCP","360","DHCP NAK      - Transaction ID 0xbb00377b"
"82","1.984301000","192.168.0.1","255.255.255.255","DHCP","360","DHCP NAK      - Transaction ID 0xbb00377b"
"83","1.984926000","192.168.0.1","255.255.255.255","DHCP","360","DHCP NAK      - Transaction ID 0xbb00377b"
"84","1.985368000","192.168.0.1","255.255.255.255","DHCP","360","DHCP NAK      - Transaction ID 0xbb00377b"
"85","1.986335000","192.168.0.1","255.255.255.255","DHCP","360","DHCP NAK      - Transaction ID 0xbb00377b"
"86","2.030201000","0.0.0.0","255.255.255.255","DHCP","348","DHCP Discover - Transaction ID 0xab0125d3"
"87","2.031185000","Netgear_dc:ac:64","Broadcast","ARP","60","Who has 192.168.1.8?  Tell 192.168.1.1"
"88","2.031272000","84:16:f9:61:91:3c","Broadcast","ARP","60","Gratuitous ARP for 192.168.1.1 (Request) (duplicate use of 192.168.1.1 detected!)"
"89","2.031754000","10.10.15.218","10.10.15.255","BROWSER","224","Become Backup Browser"
"90","2.031768000","84:16:f9:61:91:3c","Broadcast","ARP","60","Gratuitous ARP for 192.168.1.1 (Request) (duplicate use of 192.168.1.1 detected!)"
"91","2.032140000","84:16:f9:61:91:3c","Broadcast","ARP","60","Gratuitous ARP for 192.168.1.1 (Request) (duplicate use of 192.168.1.1 detected!)"
"92","2.032472000","84:16:f9:61:91:3c","Broadcast","ARP","60","Gratuitous ARP for 192.168.1.1 (Request) (duplicate use of 192.168.1.1 detected!)"
"93","2.032579000","84:16:f9:61:91:3c","Broadcast","ARP","60","Gratuitous ARP for 192.168.1.1 (Request) (duplicate use of 192.168.1.1 detected!)"
"94","2.032817000","84:16:f9:61:91:3c","Broadcast","ARP","60","Gratuitous ARP for 192.168.1.1 (Request) (duplicate use of 192.168.1.1 detected!)"
"95","2.033054000","84:16:f9:61:91:3c","Broadcast","ARP","60","Gratuitous ARP for 192.168.1.1 (Request) (duplicate use of 192.168.1.1 detected!)"
"96","2.033322000","84:16:f9:61:91:3c","Broadcast","ARP","60","Gratuitous ARP for 192.168.1.1 (Request) (duplicate use of 192.168.1.1 detected!)"
"97","2.033425000","84:16:f9:61:91:3c","Broadcast","ARP","60","Gratuitous ARP for 192.168.1.1 (Request) (duplicate use of 192.168.1.1 detected!)"
"98","2.033566000","84:16:f9:61:91:3c","Broadcast","ARP","60","Gratuitous ARP for 192.168.1.1 (Request) (duplicate use of 192.168.1.1 detected!)"
"99","2.080602000","0.0.0.0","255.255.255.255","DHCP","360","DHCP Request  - Transaction ID 0xab0125d3"
"100","2.081597000","10.10.19.200","255.255.255.255","DHCP","590","DHCP NAK      - Transaction ID 0xab0125d3"
"101","2.081645000","192.168.0.1","255.255.255.255","DHCP","590","DHCP NAK      - Transaction ID 0xab0125d3"
"102","2.083239000","192.168.1.1","255.255.255.255","DHCP","548","DHCP NAK      - Transaction ID 0xab0125d3 [ETHERNET FRAME CHECK SEQUENCE INCORRECT]"
"103","2.086982000","10.10.11.107","10.10.15.255","NBNS","92","Name query NB DSP11<20>"
"104","2.114103000","fe80::2ec:aff:fe33:593f","ff02::16","ICMPv6","90","Multicast Listener Report Message v2"
"105","2.128057000","10.10.10.1","10.10.14.167","DNS","94","Standard query response 0x0551  A 198.41.0.4"
"106","2.140351000","fe80::8616:f9ff:fe55:3de3","ff02::1:2","DHCPv6","128","Solicit XID: 0x3cb3ad CID: 00010001233dc49d8416f9553de3 "
"107","2.155817000","fe80::6e72:20ff:fee8:23ba","ff02::1","ICMPv6","78","Router Advertisement from 6c:72:20:e8:23:ba"
"108","2.169516000","fe80::a2ab:1bff:fee0:fa29","ff02::1","ICMPv6","78","Router Advertisement from a0:ab:1b:e0:fa:29"
"109","2.223354000","10.10.11.221","224.0.0.251","MDNS","118","Standard query response 0x0000  PTR PICT-NI12 Web-based Configuration._http._tcp.local"
"110","2.287927000","fe80::21e1:a200:ff2e:5b58","ff02::c","SSDP","208","M-SEARCH * HTTP/1.1 "
"111","2.297379000","fe80::a9a9:33a8:2723:2804","ff15::efc0:988f","UDP","200","Source port: 61463  Destination port: plysrv-https"
"112","2.297504000","fe80::a9a9:33a8:2723:2804","ff15::efc0:988f","UDP","200","Source port: plysrv-https  Destination port: plysrv-https"
"113","2.297634000","fe80::a9a9:33a8:2723:2804","ff15::efc0:988f","UDP","200","Source port: plysrv-https  Destination port: plysrv-https"
"114","2.316709000","f4:8e:38:87:42:d0","Broadcast","ARP","60","Who has 10.10.10.63?  Tell 10.10.11.159"
"115","2.316880000","Dell_27:7b:5b","Broadcast","ARP","60","Who has 10.10.10.63?  Tell 10.10.15.98"
"116","2.327172000","fe80::1a0f:76ff:fe8d:1fb6","ff02::1","ICMPv6","78","Router Advertisement from 18:0f:76:8d:1f:b6"
"117","2.328462000","fe80::2a3b:82ff:fe30:bdcd","ff02::1","ICMPv6","78","Router Advertisement from 28:3b:82:30:bd:cd"
"118","2.336453000","fe80::1a0f:76ff:fe8d:4370","ff02::1","ICMPv6","78","Router Advertisement from 18:0f:76:8d:43:70"
"119","2.336918000","Dell_fd:e1:8c","NETBIOS-","NetBIOS","61","Name Query for DSP11<20>"
"120","2.340827000","fe80::1262:ebff:fe11:18a5","ff02::1","ICMPv6","78","Router Advertisement from 10:62:eb:11:18:a5"
"121","2.347744000","fe80::56b8:aff:fe88:fd5c","ff02::1","ICMPv6","78","Router Advertisement from 54:b8:0a:88:fd:5c"
"122","2.430310000","IntelCor_45:de:e1","Broadcast","ARP","60","Who has 10.10.15.239?  Tell 10.10.12.104"
"123","2.447448000","151.101.154.113","10.10.11.125","TLSv1.2","97","Encrypted Alert"
"124","2.459231000","10.10.10.70","224.0.0.251","MDNS","78","Standard query 0x0000  PTR _privet._tcp.local, ""QM"" question"
"125","2.459322000","fe80::92b1:1cff:fe72:818a","ff02::fb","MDNS","98","Standard query 0x0000  PTR _privet._tcp.local, ""QM"" question"
"126","2.506049000","10.10.10.125","255.255.255.255","DHCP","342","DHCP Inform   - Transaction ID 0x9c70f92d"
"127","2.519067000","fe80::adb7:4c35:7a64:621e","ff02::1:3","LLMNR","84","Standard query 0xd793  A wpad"
"128","2.519240000","10.10.10.125","224.0.0.252","LLMNR","64","Standard query 0xd793  A wpad"
"129","2.523622000","Dell_27:88:85","Broadcast","ARP","60","Who has 10.10.10.63?  Tell 10.10.14.163"
"130","2.527910000","Dell_06:31:b1","Broadcast","ARP","60","Who has 10.10.10.63?  Tell 10.10.12.31"
"131","2.600767000","10.10.14.155","224.0.0.251","MDNS","330","Standard query response 0x0000  PTR Brother DCP-L2540DW series._privet._tcp.local"
"132","2.625449000","fe80::adb7:4c35:7a64:621e","ff02::1:3","LLMNR","84","Standard query 0xd793  A wpad"
"133","2.625497000","10.10.10.125","224.0.0.252","LLMNR","64","Standard query 0xd793  A wpad"
"134","2.642585000","10.10.10.1","10.10.10.39","DHCP","348","DHCP ACK      - Transaction ID 0x2693"
"135","2.697762000","10.10.11.221","224.0.0.251","MDNS","98","Standard query response 0x0000  PTR PICT-NI12._ni-logos._tcp.local"
"136","2.769801000","0.0.0.0","255.255.255.255","DHCP","342","DHCP Request  - Transaction ID 0x4cb48e99"
"137","2.770773000","192.168.0.1","255.255.255.255","DHCP","590","DHCP NAK      - Transaction ID 0x4cb48e99"
"138","2.770807000","10.10.19.200","255.255.255.255","DHCP","590","DHCP NAK      - Transaction ID 0x4cb48e99"
"139","2.771143000","192.168.1.1","255.255.255.255","DHCP","548","DHCP NAK      - Transaction ID 0x4cb48e99 [ETHERNET FRAME CHECK SEQUENCE INCORRECT]"
"140","2.772723000","192.168.0.1","255.255.255.255","DHCP","342","DHCP NAK      - Transaction ID 0x4cb48e99"
"141","2.773049000","192.168.0.1","255.255.255.255","DHCP","342","DHCP NAK      - Transaction ID 0x4cb48e99"
"142","2.773270000","192.168.0.1","255.255.255.255","DHCP","342","DHCP NAK      - Transaction ID 0x4cb48e99"
"143","2.773731000","192.168.0.1","255.255.255.255","DHCP","342","DHCP NAK      - Transaction ID 0x4cb48e99"
"144","2.775258000","192.168.0.1","255.255.255.255","DHCP","342","DHCP NAK      - Transaction ID 0x4cb48e99"
"145","2.785041000","fe80::4da0:4c30:b248:b841","ff02::1:ffe0:fa29","ICMPv6","86","Neighbor Solicitation for fe80::a2ab:1bff:fee0:fa29 from c8:1f:66:06:31:a1"
"146","2.785140000","fe80::4da0:4c30:b248:b841","ff02::1:ffe8:23ba","ICMPv6","86","Neighbor Solicitation for fe80::6e72:20ff:fee8:23ba from c8:1f:66:06:31:a1"
"147","2.785264000","fe80::4da0:4c30:b248:b841","ff02::1:ff11:18a5","ICMPv6","86","Neighbor Solicitation for fe80::1262:ebff:fe11:18a5 from c8:1f:66:06:31:a1"
"148","2.785291000","fe80::4da0:4c30:b248:b841","ff02::1:ff8d:4370","ICMPv6","86","Neighbor Solicitation for fe80::1a0f:76ff:fe8d:4370 from c8:1f:66:06:31:a1"
"149","2.798800000","0.0.0.0","255.255.255.255","DHCP","342","DHCP Discover - Transaction ID 0xabc06562"
"150","2.799709000","Netgear_dc:ac:64","Broadcast","ARP","60","Who has 192.168.1.12?  Tell 192.168.1.1"
"151","2.805428000","10.10.12.31","10.10.15.255","BROWSER","250","Host Announcement PICT-NI09, Workstation, SQL Server, NT Workstation, Potential Browser"
"152","2.810627000","fe80::6142:61c6:a9ef:25c1","ff02::16","ICMPv6","90","Multicast Listener Report Message v2"
"153","2.815051000","00:ec:0a:33:59:3f","Broadcast","ARP","60","Who has 10.10.10.1?  Tell 10.10.11.202"
"154","2.828635000","10.10.10.125","10.10.15.255","NBNS","92","Name query NB WPAD<00>"
"155","2.836956000","10.10.11.107","10.10.15.255","NBNS","92","Name query NB DSP11<20>"
"156","2.839583000","cc:98:91:37:97:53","Broadcast","0x8899","60","Ethernet II"
"157","2.899963000","10.10.15.206","10.10.15.255","BROWSER","240","Browser Election Request"
"158","2.917116000","46:01:00:00:00:00","Broadcast","MS NLB","74","MS NLB heartbeat"
"159","2.949640000","Private_10:03:a9","Broadcast","ARP","60","Who has 10.10.10.0?  Tell 10.10.10.201"
"160","2.953202000","40:31:3c:12:8c:66","Broadcast","ARP","60","Who has 192.168.31.130?  Tell 192.168.31.1"
"161","3.020670000","111.206.200.2","10.10.12.199","TCP","60","xmpp-client > 37566 [RST] Seq=1 Win=65535 Len=0"
"162","3.020680000","13.232.138.69","10.10.12.199","TCP","60","https > 43746 [RST] Seq=1 Win=65535 Len=0"
"163","3.042123000","HonHaiPr_01:86:2e","Broadcast","ARP","60","Who has 10.0.3.97?  Tell 10.10.15.219"
"164","3.066036000","Dell_27:7b:5b","Broadcast","ARP","60","Who has 10.10.10.63?  Tell 10.10.15.98"
"165","3.076375000","f4:8e:38:87:42:d0","Broadcast","ARP","60","Who has 10.10.10.63?  Tell 10.10.11.159"
"166","3.098020000","10.10.11.236","255.255.255.255","DHCP","342","DHCP Inform   - Transaction ID 0x1e6bec5c"
"167","3.138783000","103.8.45.5","192.168.23.45","DNS","143","Standard query response 0x23ed No such name"
"168","3.139143000","8.8.4.4","192.168.23.45","DNS","143","Standard query response 0x23ed No such name"
"169","3.139830000","8.8.8.8","192.168.23.45","DNS","143","Standard query response 0x23ed No such name"
"170","3.140567000","8.8.4.4","192.168.23.45","DNS","143","Standard query response 0xf4c4 No such name"
"171","3.141554000","202.56.230.2","192.168.23.45","DNS","143","Standard query response 0x23ed No such name"
"172","3.142419000","8.8.4.4","192.168.23.45","DNS","143","Standard query response 0x1d61 No such name"
"173","3.142763000","8.8.4.4","192.168.23.45","DNS","143","Standard query response 0xf532 No such name"
"174","3.254601000","fe80::6142:61c6:a9ef:25c1","ff02::16","ICMPv6","90","Multicast Listener Report Message v2"
"175","3.283814000","IntelCor_45:e5:af","Broadcast","ARP","60","Who has 10.10.15.239?  Tell 10.10.11.244"
"176","3.415389000","Sony_2e:1c:7d","Broadcast","ARP","60","Who has 10.10.10.63?  Tell 10.10.10.224"
"177","3.453259000","Dell_05:dd:e1","Broadcast","ARP","60","Who has 10.10.14.155?  Tell 10.10.11.221"
"178","3.460244000","Cisco_7f:6f:0a","Spanning-tree-(for-bridges)_00","STP","60","Conf. TC + Root = 0/0/00:07:4f:12:34:c0  Cost = 38  Port = 0x800a"
"179","3.592660000","10.10.10.125","10.10.15.255","NBNS","92","Name query NB WPAD<00>"
"180","3.665834000","10.10.10.1","10.10.10.9","DNS","220","Standard query response 0x97be  CNAME olympia.prod.mozaws.net A 54.149.142.237 A 54.69.97.187 A 52.10.1.85 A 52.39.208.199 A 54.187.54.17 A 52.89.201.231"
"181","3.666143000","10.10.10.1","10.10.10.9","DNS","292","Standard query response 0xe190  CNAME olympia.prod.mozaws.net AAAA 64:ff9b::340a:155 AAAA 64:ff9b::36bb:3611 AAAA 64:ff9b::3695:8eed AAAA 64:ff9b::3645:61bb AAAA 64:ff9b::3427:d0c7 AAAA 64:ff9b::3459:c9e7"
"182","3.764881000","10.10.15.239","10.10.12.139","HTTP","493","[TCP Previous segment not captured] HTTP/1.1 200 OK  (application/json)"
"183","3.829852000","192.168.31.1","255.255.255.255","DHCP","342","DHCP NAK      - Transaction ID 0xbb00377b"
"184","3.836766000","192.168.31.1","255.255.255.255","DHCP","342","DHCP NAK      - Transaction ID 0xab0125d3"
"185","3.839568000","cc:98:91:37:97:53","Broadcast","0x8899","60","Ethernet II"
"186","3.842353000","192.168.31.1","255.255.255.255","DHCP","342","DHCP NAK      - Transaction ID 0x4cb48e99"
"187","3.899996000","10.10.15.206","10.10.15.255","BROWSER","240","Browser Election Request"
"188","3.914900000","10.10.11.232","224.0.0.252","LLMNR","75","Standard query 0x4bbd  AAAA WIN-JJVQTFUFFR8"
"189","3.949447000","Private_10:03:a9","Broadcast","ARP","60","Who has 10.10.10.0?  Tell 10.10.10.201"
"190","4.021382000","10.10.11.232","224.0.0.252","LLMNR","75","Standard query 0x4bbd  AAAA WIN-JJVQTFUFFR8"
"191","4.033167000","fe80::a047:31d8:5c16:2c05","ff02::c","SSDP","557","NOTIFY * HTTP/1.1 "
"192","4.033535000","fe80::a047:31d8:5c16:2c05","ff02::c","SSDP","569","NOTIFY * HTTP/1.1 "
"193","4.033781000","fe80::a047:31d8:5c16:2c05","ff02::c","SSDP","505","NOTIFY * HTTP/1.1 "
"194","4.034226000","fe80::a047:31d8:5c16:2c05","ff02::c","SSDP","585","NOTIFY * HTTP/1.1 "
"195","4.034568000","fe80::a047:31d8:5c16:2c05","ff02::c","SSDP","571","NOTIFY * HTTP/1.1 "
"196","4.034921000","fe80::a047:31d8:5c16:2c05","ff02::c","SSDP","514","NOTIFY * HTTP/1.1 "
"197","4.065154000","10.10.16.29","255.255.255.255","ADwin Config","142","UDPMessage"
"198","4.136305000","HonHaiPr_01:86:2e","Broadcast","ARP","60","Who has 10.0.3.98?  Tell 10.10.15.219"
"199","4.222063000","Dell_06:31:9d","Broadcast","ARP","60","Who has 10.10.10.190?  Tell 10.10.12.42"
"200","4.304542000","fe80::a9a9:33a8:2723:2804","ff15::efc0:988f","UDP","200","Source port: 61463  Destination port: plysrv-https"
"201","4.304593000","fe80::a9a9:33a8:2723:2804","ff15::efc0:988f","UDP","200","Source port: plysrv-https  Destination port: plysrv-https"
"202","4.304816000","fe80::a9a9:33a8:2723:2804","ff15::efc0:988f","UDP","200","Source port: plysrv-https  Destination port: plysrv-https"
"203","4.357034000","10.10.10.125","10.10.15.255","NBNS","92","Name query NB WPAD<00>"
"204","4.469337000","0.0.0.0","255.255.255.255","DHCP","342","DHCP Discover - Transaction ID 0x3ac16745"
"205","4.470321000","Netgear_dc:ac:64","Broadcast","ARP","60","Who has 192.168.1.13?  Tell 192.168.1.1"
"206","4.470371000","84:16:f9:61:91:3c","Broadcast","ARP","60","Gratuitous ARP for 192.168.1.1 (Request) (duplicate use of 192.168.1.1 detected!)"
"207","4.470757000","84:16:f9:61:91:3c","Broadcast","ARP","60","Gratuitous ARP for 192.168.1.1 (Request) (duplicate use of 192.168.1.1 detected!)"
"208","4.471155000","84:16:f9:61:91:3c","Broadcast","ARP","60","Gratuitous ARP for 192.168.1.1 (Request) (duplicate use of 192.168.1.1 detected!)"
"209","4.471183000","84:16:f9:61:91:3c","Broadcast","ARP","60","Gratuitous ARP for 192.168.1.1 (Request) (duplicate use of 192.168.1.1 detected!)"
"210","4.471250000","84:16:f9:61:91:3c","Broadcast","ARP","60","Gratuitous ARP for 192.168.1.1 (Request) (duplicate use of 192.168.1.1 detected!)"
"211","4.471520000","84:16:f9:61:91:3c","Broadcast","ARP","60","Gratuitous ARP for 192.168.1.1 (Request) (duplicate use of 192.168.1.1 detected!)"
"212","4.471549000","84:16:f9:61:91:3c","Broadcast","ARP","60","Gratuitous ARP for 192.168.1.1 (Request) (duplicate use of 192.168.1.1 detected!)"
"213","4.471951000","84:16:f9:61:91:3c","Broadcast","ARP","60","Gratuitous ARP for 192.168.1.1 (Request) (duplicate use of 192.168.1.1 detected!)"
"214","4.471989000","84:16:f9:61:91:3c","Broadcast","ARP","60","Gratuitous ARP for 192.168.1.1 (Request) (duplicate use of 192.168.1.1 detected!)"
"215","4.471994000","84:16:f9:61:91:3c","Broadcast","ARP","60","Gratuitous ARP for 192.168.1.1 (Request) (duplicate use of 192.168.1.1 detected!)"
"216","4.620148000","Dell_fd:b2:d6","Broadcast","ARP","60","Who has 10.10.11.79?  Tell 10.10.11.166"
"217","4.627299000","10.10.11.248","255.255.255.255","DHCP","342","DHCP Inform   - Transaction ID 0x5687d221"
"218","4.628248000","192.168.0.1","255.255.255.255","DHCP","590","DHCP ACK      - Transaction ID 0x5687d221"
"219","4.628412000","10.10.19.200","255.255.255.255","DHCP","590","DHCP ACK      - Transaction ID 0x5687d221"
"220","4.629240000","Dell_fd:b1:45","Broadcast","ARP","60","Who has 192.168.0.1?  Tell 10.10.11.105"
"221","4.629268000","Dell_fd:b1:45","Broadcast","ARP","60","Who has 192.168.0.1?  Tell 10.10.11.105"
"222","4.629273000","Dell_fd:b1:45","Broadcast","ARP","60","Who has 10.10.19.200?  Tell 10.10.11.105"
"223","4.629276000","Dell_fd:b1:45","Broadcast","ARP","60","Who has 10.10.19.200?  Tell 10.10.11.105"
"224","4.629392000","Dell_f3:7d:49","Broadcast","ARP","60","Who has 10.10.19.200?  Tell 169.254.149.168"
"225","4.629421000","Dell_f3:7d:49","Broadcast","ARP","60","Who has 10.10.19.200?  Tell 169.254.149.168"
"226","4.629440000","Dell_f3:7d:49","Broadcast","ARP","60","Who has 192.168.0.1?  Tell 169.254.149.168"
"227","4.629445000","Dell_f3:7d:49","Broadcast","ARP","60","Who has 192.168.0.1?  Tell 169.254.149.168"
"228","4.630551000","fe80::9c3c:f157:281:24de","ff02::1:3","LLMNR","95","Standard query 0x4051  AAAA WIN-JJVQTFUFFR8"
"229","4.630791000","10.10.12.73","224.0.0.252","LLMNR","75","Standard query 0x4051  AAAA WIN-JJVQTFUFFR8"
"230","4.656379000","f8:da:0c:02:dd:59","Broadcast","ARP","60","Who has 192.168.0.1?  Tell 10.10.12.255"
"231","4.657998000","f8:da:0c:02:dd:59","Broadcast","ARP","60","Who has 192.168.0.1?  Tell 10.10.12.255"
"232","4.668283000","f4:8e:38:87:40:da","Broadcast","ARP","60","Who has 10.10.11.79?  Tell 10.10.12.27"
"233","4.668714000","f8:da:0c:02:dd:59","Broadcast","ARP","60","Who has 10.10.19.200?  Tell 10.10.12.255"
"234","4.668730000","f8:da:0c:02:dd:59","Broadcast","ARP","60","Who has 10.10.19.200?  Tell 10.10.12.255"
"235","4.715913000","Dell_68:65:68","Broadcast","ARP","60","Who has 10.10.11.236?  Tell 10.10.10.125"
"236","4.737137000","fe80::9c3c:f157:281:24de","ff02::1:3","LLMNR","95","Standard query 0x4051  AAAA WIN-JJVQTFUFFR8"
"237","4.737193000","10.10.12.73","224.0.0.252","LLMNR","75","Standard query 0x4051  AAAA WIN-JJVQTFUFFR8"
"238","4.757488000","fe80::66db:43ff:fe19:8f5f","ff02::1:ff8d:1fb6","ICMPv6","86","Neighbor Solicitation for fe80::1a0f:76ff:fe8d:1fb6 from 64:db:43:19:8f:5f"
"239","4.761156000","8c:ec:4b:5d:58:22","Broadcast","ARP","60","Who has 10.10.10.63?  Tell 10.10.15.218"
"240","4.798103000","Dell_06:31:9d","Broadcast","ARP","60","Who has 10.10.10.190?  Tell 10.10.12.42"
"241","4.839582000","cc:98:91:37:97:53","Broadcast","0x8899","60","Ethernet II"
"242","4.844170000","192.168.122.1","224.0.0.22","IGMPv3","60","Membership Report / Leave group 224.0.0.251"
"243","4.899985000","10.10.15.206","10.10.15.255","NBNS","110","Registration NB WORKGROUP<1d>"
"244","4.959408000","Private_10:03:a9","Broadcast","ARP","60","Who has 10.10.10.0?  Tell 10.10.10.201"
"245","5.000445000","10.10.15.4","10.10.15.255","UDP","212","Source port: 52169  Destination port: 6646"
"246","5.035528000","10.10.12.31","255.255.255.255","UDP","60","Source port: nati-logos  Destination port: nati-logos"
"247","5.075569000","10.10.12.31","224.0.0.251","MDNS","152","Standard query response 0x0000  PTR PICT-NI09._ni-logos._tcp.local PTR PICT-NI09 Web-based Configuration._http._tcp.local"
"248","5.078341000","fe80::6522:e4eb:3e43:9a64","ff02::16","ICMPv6","90","Multicast Listener Report Message v2"
"249","5.101298000","fe80::6522:e4eb:3e43:9a64","ff02::c","SSDP","586","NOTIFY * HTTP/1.1 "
"250","5.101340000","fe80::6522:e4eb:3e43:9a64","ff02::c","SSDP","570","NOTIFY * HTTP/1.1 "
"251","5.101631000","fe80::6522:e4eb:3e43:9a64","ff02::c","SSDP","572","NOTIFY * HTTP/1.1 "
"252","5.101843000","fe80::6522:e4eb:3e43:9a64","ff02::c","SSDP","558","NOTIFY * HTTP/1.1 "
"253","5.102029000","fe80::6522:e4eb:3e43:9a64","ff02::c","SSDP","515","NOTIFY * HTTP/1.1 "
"254","5.102246000","fe80::6522:e4eb:3e43:9a64","ff02::c","SSDP","506","NOTIFY * HTTP/1.1 "
"255","5.102288000","fe80::6522:e4eb:3e43:9a64","ff02::c","SSDP","586","NOTIFY * HTTP/1.1 "
"256","5.102546000","fe80::6522:e4eb:3e43:9a64","ff02::c","SSDP","570","NOTIFY * HTTP/1.1 "
"257","5.102585000","fe80::6522:e4eb:3e43:9a64","ff02::c","SSDP","572","NOTIFY * HTTP/1.1 "
"258","5.102726000","fe80::6522:e4eb:3e43:9a64","ff02::c","SSDP","558","NOTIFY * HTTP/1.1 "
"259","5.102765000","fe80::6522:e4eb:3e43:9a64","ff02::c","SSDP","515","NOTIFY * HTTP/1.1 "
"260","5.102888000","fe80::6522:e4eb:3e43:9a64","ff02::c","SSDP","506","NOTIFY * HTTP/1.1 "
"261","5.102927000","fe80::6522:e4eb:3e43:9a64","ff02::c","SSDP","586","NOTIFY * HTTP/1.1 "
"262","5.103085000","fe80::6522:e4eb:3e43:9a64","ff02::c","SSDP","570","NOTIFY * HTTP/1.1 "
"263","5.103125000","fe80::6522:e4eb:3e43:9a64","ff02::c","SSDP","572","NOTIFY * HTTP/1.1 "
"264","5.103261000","fe80::6522:e4eb:3e43:9a64","ff02::c","SSDP","558","NOTIFY * HTTP/1.1 "
"265","5.103300000","fe80::6522:e4eb:3e43:9a64","ff02::c","SSDP","515","NOTIFY * HTTP/1.1 "
"266","5.103434000","fe80::6522:e4eb:3e43:9a64","ff02::c","SSDP","506","NOTIFY * HTTP/1.1 "
"267","5.103463000","fe80::6522:e4eb:3e43:9a64","ff02::c","SSDP","586","NOTIFY * HTTP/1.1 "
"268","5.103611000","fe80::6522:e4eb:3e43:9a64","ff02::c","SSDP","570","NOTIFY * HTTP/1.1 "
"269","5.103639000","fe80::6522:e4eb:3e43:9a64","ff02::c","SSDP","572","NOTIFY * HTTP/1.1 "
"270","5.103796000","fe80::6522:e4eb:3e43:9a64","ff02::c","SSDP","558","NOTIFY * HTTP/1.1 "
"271","5.103824000","fe80::6522:e4eb:3e43:9a64","ff02::c","SSDP","515","NOTIFY * HTTP/1.1 "
"272","5.103940000","fe80::6522:e4eb:3e43:9a64","ff02::c","SSDP","506","NOTIFY * HTTP/1.1 "
"273","5.119693000","fe80::6522:e4eb:3e43:9a64","ff02::16","ICMPv6","90","Multicast Listener Report Message v2"
"274","5.200280000","Dell_06:31:9d","Broadcast","ARP","60","Who has 10.10.11.236?  Tell 10.10.12.42"
"275","5.271538000","10.10.15.239","10.10.12.96","TCP","66","http > 58920 [ACK] Seq=1 Ack=1 Win=309 Len=0 TSval=648467 TSecr=623973"
"276","5.271752000","10.10.15.239","10.10.12.96","TCP","66","http > 58920 [ACK] Seq=1 Ack=1144 Win=332 Len=0 TSval=648467 TSecr=623973"
"277","5.366386000","IntelCor_45:e5:af","Broadcast","ARP","60","Who has 10.10.10.1?  Tell 10.10.11.244"
"278","5.432653000","10.10.15.239","10.10.10.90","TCP","66","http > 49745 [SYN, ACK] Seq=0 Ack=1 Win=29200 Len=0 MSS=1460 SACK_PERM=1 WS=128"
"279","5.443791000","10.10.15.239","10.10.10.90","TCP","60","http > 49745 [ACK] Seq=1 Ack=1461 Win=32128 Len=0"
"280","5.443813000","10.10.15.239","10.10.10.90","TCP","60","http > 49745 [ACK] Seq=1 Ack=1670 Win=35072 Len=0"
"281","5.445636000","10.10.10.1","10.10.13.83","DNS","105","Standard query response 0xb0a7  A 10.10.10.1"
"282","5.448507000","10.10.10.1","10.10.13.83","TCP","60","microsoft-ds > 52942 [RST, ACK] Seq=1 Ack=1 Win=0 Len=0"
"283","5.460276000","Cisco_7f:6f:0a","Spanning-tree-(for-bridges)_00","STP","60","Conf. TC + Root = 0/0/00:07:4f:12:34:c0  Cost = 38  Port = 0x800a"
"284","5.493878000","fe80::bd2:2b6:b633:1522","ff02::fb","MDNS","203","Standard query 0x0000  PTR _nfs._tcp.local, ""QM"" question PTR _ipp._tcp.local, ""QM"" question PTR _ipps._tcp.local, ""QM"" question PTR _ftp._tcp.local, ""QM"" question PTR _webdav._tcp.local, ""QM"" question PTR _webdavs._tcp.local, ""QM"" question PTR _sftp-ssh._tcp.local, ""QM"" question PTR _smb._tcp.local, ""QM"" question PTR _afpovertcp._tcp.local, ""QM"" question"
"285","5.529032000","fe80::6522:e4eb:3e43:9a64","ff02::16","ICMPv6","110","Multicast Listener Report Message v2"
"286","5.698164000","10.10.12.31","10.10.15.255","BROWSER","250","Host Announcement PICT-NI09, Workstation, Server, NT Workstation, Potential Browser"
"287","5.703657000","10.10.10.1","10.10.12.78","DHCP","348","DHCP ACK      - Transaction ID 0x21ee0f77"
"288","5.703685000","Dell_fd:b1:45","Broadcast","ARP","60","Who has 10.10.10.1?  Tell 10.10.11.105"
"289","5.703694000","Dell_fd:b1:45","Broadcast","ARP","60","Who has 10.10.10.1?  Tell 10.10.11.105"
"290","5.703746000","Dell_f3:7d:49","Broadcast","ARP","60","Who has 10.10.10.1?  Tell 169.254.149.168"
"291","5.703756000","Dell_f3:7d:49","Broadcast","ARP","60","Who has 10.10.10.1?  Tell 169.254.149.168"
"292","5.782802000","10.10.15.239","10.10.12.96","HTTP","1057","HTTP/1.1 303 See Other  (text/html)"
"293","5.785087000","10.10.15.239","10.10.12.96","TCP","66","http > 58920 [ACK] Seq=992 Ack=1750 Win=350 Len=0 TSval=648595 TSecr=624102"
"294","5.798242000","Dell_06:31:9d","Broadcast","ARP","60","Who has 10.10.10.190?  Tell 10.10.12.42"
"295","5.839533000","cc:98:91:37:97:53","Broadcast","0x8899","60","Ethernet II"
"296","5.959218000","Private_10:03:a9","Broadcast","ARP","60","Who has 10.10.10.0?  Tell 10.10.10.201"
"297","6.063982000","192.168.0.1","224.0.0.1","IGMPv2","60","Membership Query, general"
"298","6.160447000","Dell_06:31:b1","Broadcast","ARP","60","Who has 10.10.12.35?  Tell 10.10.12.31"
"299","6.160481000","Dell_06:31:b1","Broadcast","ARP","60","Who has 10.10.11.90?  Tell 10.10.12.31"
"300","6.160599000","fe80::6522:e4eb:3e43:9a64","ff02::1:ff2e:5b58","ICMPv6","86","Neighbor Solicitation for fe80::21e1:a200:ff2e:5b58 from c8:1f:66:06:31:b1"
"301","6.160644000","fe80::6522:e4eb:3e43:9a64","ff02::1:ff9f:959f","ICMPv6","86","Neighbor Solicitation for fe80::d8a1:4922:859f:959f from c8:1f:66:06:31:b1"
"302","6.160816000","fe80::21e1:a200:ff2e:5b58","ff02::1:ff43:9a64","ICMPv6","86","Neighbor Solicitation for fe80::6522:e4eb:3e43:9a64 from 00:1a:a0:c0:ef:b1"
"303","6.160852000","fe80::d8a1:4922:859f:959f","ff02::1:ff43:9a64","ICMPv6","86","Neighbor Solicitation for fe80::6522:e4eb:3e43:9a64 from 00:19:d1:45:fd:1e"
"304","6.209910000","Intel_ff:ce:a7","Broadcast","0xbeef","60","Ethernet II"
"305","6.289375000","fe80::21e1:a200:ff2e:5b58","ff02::c","SSDP","208","M-SEARCH * HTTP/1.1 "
"306","6.289409000","Cisco_e1:0f:19","CDP/VTP/DTP/PAgP/UDLD","DTP","90","Dynamic Trunking Protocol"
"307","6.432502000","10.10.10.1","10.10.10.90","DNS","200","Standard query response 0xd510  CNAME detectportal.firefox.com.edgesuite.net CNAME a1089.d.akamai.net A 182.156.239.9 A 182.156.239.26"
"308","6.439871000","182.156.239.9","10.10.10.90","HTTP","438","HTTP/1.1 200 OK  (text/plain)"
"309","6.521357000","f4:8e:38:87:72:c9","Broadcast","ARP","60","Who has 10.10.10.63?  Tell 10.10.11.206"
"310","6.537566000","10.10.13.83","10.10.15.255","NBNS","92","Name query NB VLSI01<20>"
"311","6.537981000","fe80::4da0:4c30:b248:b841","ff02::c","SSDP","153","M-SEARCH * HTTP/1.1 "
"312","6.540089000","fe80::4da0:4c30:b248:b841","ff02::1:ff6d:7571","ICMPv6","86","Neighbor Solicitation for fe80::84bd:4f03:d16d:7571 from c8:1f:66:06:31:a1"
"313","6.540128000","fe80::4da0:4c30:b248:b841","ff02::1:ff43:9a64","ICMPv6","86","Neighbor Solicitation for fe80::6522:e4eb:3e43:9a64 from c8:1f:66:06:31:a1"
"314","6.540134000","fe80::4da0:4c30:b248:b841","ff02::1:ff9d:a7e1","ICMPv6","86","Neighbor Solicitation for fe80::8918:f499:2f9d:a7e1 from c8:1f:66:06:31:a1"
"315","6.540283000","fe80::6522:e4eb:3e43:9a64","ff02::1:ff48:b841","ICMPv6","86","Neighbor Solicitation for fe80::4da0:4c30:b248:b841 from c8:1f:66:06:31:b1"
"316","6.540383000","fe80::84bd:4f03:d16d:7571","ff02::1:ff48:b841","ICMPv6","86","Neighbor Solicitation for fe80::4da0:4c30:b248:b841 from f4:8e:38:87:72:c9"
"317","6.540484000","fe80::4da0:4c30:b248:b841","ff02::1:ff64:621e","ICMPv6","86","Neighbor Solicitation for fe80::adb7:4c35:7a64:621e from c8:1f:66:06:31:a1"
"318","6.540795000","fe80::adb7:4c35:7a64:621e","ff02::1:ff48:b841","ICMPv6","86","Neighbor Solicitation for fe80::4da0:4c30:b248:b841 from b8:ac:6f:68:65:68"
"319","6.540806000","fe80::8918:f499:2f9d:a7e1","ff02::1:ff48:b841","ICMPv6","86","Neighbor Solicitation for fe80::4da0:4c30:b248:b841 from 78:45:c4:27:7b:5b"
"320","6.541229000","fe80::4da0:4c30:b248:b841","ff02::1:ff58:c20","ICMPv6","86","Neighbor Solicitation for fe80::3968:7624:1e58:c20 from c8:1f:66:06:31:a1"
"321","6.541449000","fe80::3968:7624:1e58:c20","ff02::1:ff48:b841","ICMPv6","86","Neighbor Solicitation for fe80::4da0:4c30:b248:b841 from c8:1f:66:06:31:9d"
"322","6.541630000","fe80::4da0:4c30:b248:b841","ff02::1:ff3a:8154","ICMPv6","86","Neighbor Solicitation for fe80::3409:155b:df3a:8154 from c8:1f:66:06:31:a1"
"323","6.542100000","fe80::3409:155b:df3a:8154","ff02::1:ff48:b841","ICMPv6","86","Neighbor Solicitation for fe80::4da0:4c30:b248:b841 from 8c:ec:4b:5d:58:22"
"324","6.542409000","fe80::4da0:4c30:b248:b841","ff02::1:ff16:2c05","ICMPv6","86","Neighbor Solicitation for fe80::a047:31d8:5c16:2c05 from c8:1f:66:06:31:a1"
"325","6.542753000","fe80::a047:31d8:5c16:2c05","ff02::1:ff48:b841","ICMPv6","86","Neighbor Solicitation for fe80::4da0:4c30:b248:b841 from f4:8e:38:87:42:d0"
"326","6.545241000","10.10.10.1","10.10.14.144","DHCP","348","DHCP ACK      - Transaction ID 0x99d0d630"
"327","6.546418000","Dell_06:31:a1","Broadcast","ARP","60","Who has 10.10.14.180?  Tell 10.10.11.236"
"328","6.547557000","Dell_06:31:a1","Broadcast","ARP","60","Who has 10.10.14.163?  Tell 10.10.11.236"
"329","6.547689000","HewlettP_81:9e:c7","Broadcast","ARP","60","Who has 10.10.11.236?  Tell 10.10.14.180"
"330","6.548789000","fe80::4da0:4c30:b248:b841","ff02::c","UDP","686","Source port: 50015  Destination port: ws-discovery"
"331","6.548817000","Dell_27:88:85","Broadcast","ARP","60","Who has 10.10.11.236?  Tell 10.10.14.163"
"332","6.553359000","Dell_06:31:a1","Broadcast","ARP","60","Who has 10.10.10.125?  Tell 10.10.11.236"
"333","6.555991000","Dell_06:31:a1","Broadcast","ARP","60","Who has 10.10.11.115?  Tell 10.10.11.236"
"334","6.557154000","Dell_06:31:a1","Broadcast","ARP","60","Who has 10.10.12.89?  Tell 10.10.11.236"
"335","6.557297000","Dell_06:31:a1","Broadcast","ARP","60","Who has 10.10.10.224?  Tell 10.10.11.236"
"336","6.557494000","fe80::4da0:4c30:b248:b841","ff02::c","SSDP","185","M-SEARCH * HTTP/1.1 "
"337","6.557996000","Dell_06:31:a1","Broadcast","ARP","60","Who has 10.10.12.35?  Tell 10.10.11.236"
"338","6.559778000","Dell_c0:ef:b1","Broadcast","ARP","60","Who has 10.10.11.236?  Tell 10.10.12.35"
"339","6.560319000","Sony_2e:1c:7d","Broadcast","ARP","60","Who has 10.10.11.236?  Tell 10.10.10.224"
"340","6.567963000","10.10.11.236","10.10.15.255","BROWSER","216","Get Backup List Request"
"341","6.568019000","10.10.11.236","10.10.15.255","NBNS","92","Name query NB PICT-NI<1b>"
"342","6.604417000","fe80::4da0:4c30:b248:b841","ff02::c","UDP","686","Source port: 50015  Destination port: ws-discovery"
"343","6.616593000","Dell_06:31:a1","Broadcast","ARP","60","Who has 10.10.14.155?  Tell 10.10.11.236"
"344","6.629680000","8c:ec:4b:5d:58:22","Broadcast","ARP","60","Who has 10.10.11.236?  Tell 10.10.15.218"
"345","6.639107000","fe80::8616:f9ff:fe55:3de3","ff02::1:2","DHCPv6","128","Solicit XID: 0x7b23c6 CID: 00010001233dc4c08416f9553de3 "
"346","6.654888000","Giga-Byt_0f:a2:4b","Broadcast","ARP","60","Who has 10.10.11.236?  Tell 10.10.15.113"
"347","6.662066000","fe80::6957:e3fe:a7ee:7d20","ff02::1:ff48:b841","ICMPv6","86","Neighbor Solicitation for fe80::4da0:4c30:b248:b841 from 00:19:d1:45:de:ae"
"348","6.662332000","fe80::4da0:4c30:b248:b841","ff02::1:ffee:7d20","ICMPv6","86","Neighbor Solicitation for fe80::6957:e3fe:a7ee:7d20 from c8:1f:66:06:31:a1"
"349","6.675266000","10.10.11.232","224.0.0.252","LLMNR","75","Standard query 0x869a  AAAA WIN-JJVQTFUFFR8"
"350","6.763192000","IntelCor_45:ff:23","Broadcast","ARP","60","Who has 10.10.11.236?  Tell 10.10.10.213"
"351","6.782528000","10.10.11.232","224.0.0.252","LLMNR","75","Standard query 0x869a  AAAA WIN-JJVQTFUFFR8"
"352","6.792408000","00000000.4437e601862e","00000000.ffffffffffff","BROWSER","234","Local Master Announcement PICT-OR7DAJN2QC, Workstation, Server, Print Queue Server, NT Workstation, NT Server, Master Browser, DFS server"
"353","6.803746000","fe80::291e:5890:99c5:b299","ff02::1:ff48:b841","ICMPv6","86","Neighbor Solicitation for fe80::4da0:4c30:b248:b841 from 78:45:c4:27:88:85"
"354","6.803950000","fe80::4da0:4c30:b248:b841","ff02::1:ffc5:b299","ICMPv6","86","Neighbor Solicitation for fe80::291e:5890:99c5:b299 from c8:1f:66:06:31:a1"
"355","6.807752000","00000000.4437e601862e","00000000.ffffffffffff","NBIPX","98","Find name WORKGROUP<1d>"
"356","6.822494000","IntelCor_45:e2:0d","Broadcast","ARP","60","Who has 10.10.15.239?  Tell 10.10.13.28"
"357","6.839510000","cc:98:91:37:97:53","Broadcast","0x8899","60","Ethernet II"
"358","6.870300000","Cisco_7f:6f:0a","Cisco_7f:6f:0a","LOOP","60","Reply"
"359","6.925021000","fe80::ee0:dcff:fe2a:e8e9","ff02::2","ICMPv6","70","Router Solicitation from 0c:e0:dc:2a:e8:e9"
"360","6.942103000","fe80::2a3b:82ff:fe30:bdcd","ff02::1","ICMPv6","78","Router Advertisement from 28:3b:82:30:bd:cd"
"361","6.959058000","Private_10:03:a9","Broadcast","ARP","60","Who has 10.10.10.0?  Tell 10.10.10.201"
"362","6.992680000","fe80::19a6:fe64:1a7f:ad1","ff02::1:ff48:b841","ICMPv6","86","Neighbor Solicitation for fe80::4da0:4c30:b248:b841 from f0:4d:a2:fd:b2:d6"
"363","6.992922000","fe80::4da0:4c30:b248:b841","ff02::1:ff7f:ad1","ICMPv6","86","Neighbor Solicitation for fe80::19a6:fe64:1a7f:ad1 from c8:1f:66:06:31:a1"
"364","6.995538000","IntelCor_45:e5:af","Broadcast","ARP","60","Who has 10.10.11.236?  Tell 10.10.11.244"
"365","7.004696000","Dell_06:31:a1","Broadcast","ARP","60","Who has 10.10.13.239?  Tell 10.10.11.236"
"366","7.033367000","fe80::a047:31d8:5c16:2c05","ff02::c","SSDP","569","NOTIFY * HTTP/1.1 "
"367","7.033710000","fe80::a047:31d8:5c16:2c05","ff02::c","SSDP","557","NOTIFY * HTTP/1.1 "
"368","7.034054000","fe80::a047:31d8:5c16:2c05","ff02::c","SSDP","505","NOTIFY * HTTP/1.1 "
"369","7.034414000","fe80::a047:31d8:5c16:2c05","ff02::c","SSDP","585","NOTIFY * HTTP/1.1 "
"370","7.035120000","fe80::a047:31d8:5c16:2c05","ff02::c","SSDP","571","NOTIFY * HTTP/1.1 "
"371","7.035413000","fe80::a047:31d8:5c16:2c05","ff02::c","SSDP","514","NOTIFY * HTTP/1.1 "
"372","7.042061000","fe80::1262:ebff:fe20:1861","ff02::1","ICMPv6","78","Router Advertisement from 10:62:eb:20:18:61"
"373","7.042319000","fe80::40f:2143:91b0:336a","ff02::1:ff48:b841","ICMPv6","86","Neighbor Solicitation for fe80::4da0:4c30:b248:b841 from 00:1a:a0:c0:ef:6f"
"374","7.043094000","fe80::4da0:4c30:b248:b841","ff02::1:ffb0:336a","ICMPv6","86","Neighbor Solicitation for fe80::40f:2143:91b0:336a from c8:1f:66:06:31:a1"
"375","7.046232000","Dell_27:7b:5b","Broadcast","ARP","60","Who has 10.10.11.236?  Tell 10.10.15.98"
"376","7.079770000","10.10.10.136","10.10.15.255","NBNS","92","Name query NB EDLAB-13<20>"
"377","7.100352000","Dell_06:31:a1","Broadcast","ARP","60","Who has 10.10.10.213?  Tell 10.10.11.236"
"378","7.129340000","fe80::1a0f:76ff:fe8d:4370","ff02::1","ICMPv6","78","Router Advertisement from 18:0f:76:8d:43:70"
"379","7.148395000","fe80::6e72:20ff:fee8:23ba","ff02::1","ICMPv6","78","Router Advertisement from 6c:72:20:e8:23:ba"
"380","7.205764000","IntelCor_45:de:e1","Broadcast","ARP","60","Who has 10.10.11.236?  Tell 10.10.12.104"
"381","7.219946000","fe80::1a0f:76ff:fe8d:1fb6","ff02::1","ICMPv6","78","Router Advertisement from 18:0f:76:8d:1f:b6"
"382","7.241190000","fe80::56b8:aff:fe88:fd5c","ff02::1","ICMPv6","78","Router Advertisement from 54:b8:0a:88:fd:5c"
"383","7.267489000","Dell_06:32:65","Broadcast","ARP","60","Who has 10.10.11.236?  Tell 10.10.12.89"
"384","7.267681000","HonHaiPr_02:2a:d0","Broadcast","ARP","60","Who has 10.10.11.236?  Tell 10.10.11.174"
"385","7.271755000","fe80::a2ab:1bff:fee0:fa29","ff02::1","ICMPv6","78","Router Advertisement from a0:ab:1b:e0:fa:29"
"386","7.300314000","10.10.13.83","10.10.15.255","NBNS","92","Name query NB VLSI01<20>"
"387","7.313880000","f4:8e:38:87:42:d0","Broadcast","ARP","60","Who has 10.10.11.236?  Tell 10.10.11.159"
"388","7.317766000","10.10.11.236","10.10.15.255","NBNS","92","Name query NB PICT-NI<1b>"
"389","7.333374000","fe80::1262:ebff:fe11:18a5","ff02::1","ICMPv6","78","Router Advertisement from 10:62:eb:11:18:a5"
"390","7.418680000","10.10.15.239","10.10.10.74","TCP","74","http > 55396 [SYN, ACK] Seq=0 Ack=1 Win=28960 Len=0 MSS=1460 SACK_PERM=1 TSval=649004 TSecr=617207 WS=128"
"391","7.460269000","Cisco_7f:6f:0a","Spanning-tree-(for-bridges)_00","STP","60","Conf. TC + Root = 0/0/00:07:4f:12:34:c0  Cost = 38  Port = 0x800a"
"392","7.520881000","Dell_92:da:a2","Broadcast","ARP","60","Who has 10.10.11.236?  Tell 10.10.11.101"
"393","7.615294000","::","ff02::16","ICMPv6","110","Multicast Listener Report Message v2"
"394","7.630379000","0.0.0.0","255.255.255.255","DHCP","342","DHCP Request  - Transaction ID 0x61cdf04"
"395","7.630976000","18:a6:f7:fe:55:36","Broadcast","ARP","60","Who has 10.10.11.68?  Tell 192.168.0.1"
"396","7.630994000","98:de:d0:30:d3:cc","Broadcast","ARP","60","Who has 10.10.11.68?  Tell 10.10.19.200"
"397","7.631154000","192.168.1.1","255.255.255.255","DHCP","342","DHCP NAK      - Transaction ID 0x61cdf04"
"398","7.631735000","192.168.0.1","255.255.255.255","DHCP","342","DHCP NAK      - Transaction ID 0x61cdf04"
"399","7.631964000","192.168.0.1","255.255.255.255","DHCP","342","DHCP NAK      - Transaction ID 0x61cdf04"
"400","7.632554000","192.168.31.1","255.255.255.255","DHCP","342","DHCP NAK      - Transaction ID 0x61cdf04"
"401","7.633750000","192.168.1.1","255.255.255.255","DHCP","548","DHCP NAK      - Transaction ID 0x61cdf04 [ETHERNET FRAME CHECK SEQUENCE INCORRECT]"
"402","7.633786000","192.168.100.1","255.255.255.255","DHCP","342","DHCP NAK      - Transaction ID 0x61cdf04"
"403","7.634057000","192.168.0.1","255.255.255.255","DHCP","342","DHCP NAK      - Transaction ID 0x61cdf04"
"404","7.636087000","192.168.0.1","255.255.255.255","DHCP","342","DHCP NAK      - Transaction ID 0x61cdf04"
"405","7.637463000","192.168.0.1","255.255.255.255","DHCP","342","DHCP NAK      - Transaction ID 0x61cdf04"
"406","7.638281000","192.168.0.1","255.255.255.255","DHCP","342","DHCP NAK      - Transaction ID 0x61cdf04"
"407","7.648694000","Elitegro_02:65:7e","Broadcast","ARP","60","Who has 10.10.11.236?  Tell 10.10.10.191"
"408","7.651142000","10.10.11.68","224.0.0.22","IGMPv3","60","Membership Report / Join group 224.0.0.251 for any sources"
"409","7.682816000","00000000.4437e601862e","00000000.ffffffffffff","NBIPX","98","Find name WORKGROUP<1d>"
"410","7.718815000","fe80::8616:f9ff:fe55:3de3","ff02::1:2","DHCPv6","128","Solicit XID: 0x7b23c6 CID: 00010001233dc4c08416f9553de3 "
"411","7.722463000","Dell_06:31:a1","Broadcast","ARP","60","Who has 10.10.11.244?  Tell 10.10.11.236"
"412","7.744321000","Giga-Byt_0f:a2:4b","Broadcast","ARP","60","Who has 10.10.10.1?  Tell 10.10.15.113"
"413","7.751290000","10.10.15.113","224.0.0.252","LLMNR","68","Standard query 0x4013  ANY sumit-PC"
"414","7.786065000","172.217.160.133","10.10.10.115","TLSv1.2","93","Application Data"
"415","7.787561000","fe80::21e1:a200:ff2e:5b58","ff02::1:ff48:b841","ICMPv6","86","Neighbor Solicitation for fe80::4da0:4c30:b248:b841 from 00:1a:a0:c0:ef:b1"
"416","7.787861000","fe80::4da0:4c30:b248:b841","ff02::1:ff2e:5b58","ICMPv6","86","Neighbor Solicitation for fe80::21e1:a200:ff2e:5b58 from c8:1f:66:06:31:a1"
"417","7.798139000","192.168.1.1","224.0.0.252","IGMPv2","64","Membership Query, specific for group 224.0.0.252"
"418","7.805284000","fe80::444b:e85:467e:ff55","ff02::1:ff48:b841","ICMPv6","86","Neighbor Solicitation for fe80::4da0:4c30:b248:b841 from 00:1a:4d:0f:37:51"
"419","7.805549000","fe80::4da0:4c30:b248:b841","ff02::1:ff7e:ff55","ICMPv6","86","Neighbor Solicitation for fe80::444b:e85:467e:ff55 from c8:1f:66:06:31:a1"
"420","7.811089000","192.168.1.1","224.0.0.252","IGMPv2","64","Membership Query, specific for group 224.0.0.252"
"421","7.824868000","192.168.0.1","224.0.0.252","IGMPv2","64","Membership Query, specific for group 224.0.0.252"
"422","7.829524000","10.10.10.136","10.10.15.255","NBNS","92","Name query NB EDLAB-13<20>"
"423","7.837025000","10.10.15.113","224.0.0.252","LLMNR","68","Standard query 0x4013  ANY sumit-PC"
"424","7.837050000","192.168.0.1","224.0.0.252","IGMPv2","64","Membership Query, specific for group 224.0.0.252"
"425","7.839499000","cc:98:91:37:97:53","Broadcast","0x8899","60","Ethernet II"
"426","7.853174000","192.168.1.1","224.0.0.252","IGMPv2","64","Membership Query, specific for group 224.0.0.252"
"427","7.865006000","192.168.1.1","224.0.0.252","IGMPv2","64","Membership Query, specific for group 224.0.0.252"
"428","7.877202000","192.168.0.1","224.0.0.252","IGMPv2","64","Membership Query, specific for group 224.0.0.252"
"429","7.879135000","10.10.11.68","224.0.0.251","MDNS","296","Standard query 0x0000  ANY linux._udisks-ssh._tcp.local, ""QM"" question ANY linux.local, ""QM"" question ANY 68.11.10.10.in-addr.arpa, ""QM"" question ANY linux [78:45:c4:29:0c:07]._workstation._tcp.local, ""QM"" question"
"430","7.893325000","192.168.0.1","224.0.0.252","IGMPv2","64","Membership Query, specific for group 224.0.0.252"
"431","7.905178000","192.168.1.1","224.0.0.252","IGMPv2","64","Membership Query, specific for group 224.0.0.252"
"432","7.917294000","192.168.1.1","224.0.0.252","IGMPv2","64","Membership Query, specific for group 224.0.0.252"
"433","7.925263000","10.10.11.68","224.0.0.251","MDNS","200","Standard query response 0x0000  PTR _udisks-ssh._tcp.local PTR linux [78:45:c4:29:0c:07]._workstation._tcp.local PTR _workstation._tcp.local PTR linux._udisks-ssh._tcp.local"
"434","7.929612000","192.168.0.1","224.0.0.252","IGMPv2","64","Membership Query, specific for group 224.0.0.252"
"435","7.941139000","192.168.0.1","224.0.0.252","IGMPv2","64","Membership Query, specific for group 224.0.0.252"
